{"cameraMode":{"drawMode":0,"name":"Shaded","section":"Shading Mode"},"sceneLighting":true,"audioPlay":false,"sceneViewState":{"m_AlwaysRefresh":false,"showFog":true,"showSkybox":true,"showFlares":true,"showImageEffects":true,"showParticleSystems":true,"showVisualEffectGraphs":true,"m_FxEnabled":true},"in2DMode":false,"pivot":{"x":-1.8457446098327637,"y":1.4831939935684205,"z":1.8766117095947266},"rotation":{"x":-0.05587098002433777,"y":0.29930180311203005,"z":-0.017558755353093149,"w":-0.9523606896400452},"size":4.191434860229492,"orthographic":false}